{"Loss": 1.4431118965148926, "Validation Loss": 1.460749487876892, "Validation Dice metric": 0.022701977118849755, "Learning Rate": 0.01, "Epoch": 1, "_timestamp": 1699290061.4456356, "_runtime": 194.09952044487, "_step": 0}